epoch,train_loss,train_acc,test_loss,test_acc,OA,AA,kappa,lr,seconds
1,1.2906501307141307,0.5587431693989071,0.9614139941610941,0.6616585365853659,0.6616585365853659,0.5287800860297689,0.6132803279955495,0.00999983777858264,4.187796115875244
2,0.8449347941415744,0.7027712724434035,0.7207000127420193,0.7537560975609756,0.7537560975609756,0.6863470227903118,0.717583742080588,0.009999351124856873,2.111503839492798
3,0.7182710685016214,0.7466822794691648,0.6062837771206367,0.782829268292683,0.782829268292683,0.7229984037512908,0.7501991706303724,0.009998540070400965,1.347053050994873
4,0.5772688016644406,0.8011319281811085,0.5670701938140683,0.8070243902439025,0.8070243902439025,0.7604431595504577,0.7789591577097219,0.009997404667843074,1.333991289138794
5,0.4853022103194238,0.8368462138953943,0.4482686788745043,0.8394146341463414,0.8394146341463414,0.8034759524454829,0.8147532625231803,0.009995944990857847,1.364196538925171
6,0.42487322227923224,0.8678766588602654,0.47250440595208143,0.8419512195121951,0.8419512195121951,0.8122529522470511,0.820484988263902,0.009994161134161631,1.3451972007751465
7,0.37341143953949096,0.8817330210772834,0.5930294713973999,0.8300487804878048,0.8300487804878048,0.7833686687001459,0.8045524699804066,0.009992053213506331,1.5600817203521729
8,0.29564464051541084,0.9065183450429352,0.49206372067986465,0.8429268292682927,0.8429268292682927,0.8308487349310509,0.8222464447457826,0.0099896213656719,2.4216725826263428
9,0.30415837958914566,0.9121779859484778,0.6764490869684917,0.8029268292682927,0.8033170731707318,0.758227507773187,0.7785612766941146,0.009986865748457455,2.282480478286743
10,0.253224593542871,0.9262295081967213,0.3546822143880332,0.8991219512195122,0.8993170731707317,0.8085937075087734,0.8852842934568755,0.00998378654067105,1.8812963962554932
11,0.22523825132352746,0.942232630757221,0.3252388336600327,0.8979512195121951,0.8981463414634147,0.8265437626214817,0.883421279219251,0.009980383942118063,2.057203769683838
12,0.17778425711457188,0.9570647931303669,0.2706144292703489,0.9190243902439025,0.9190243902439025,0.8517407427868007,0.907312647019628,0.00997665817358824,2.149982452392578
13,0.1629305539803927,0.962919594067135,0.21863409907643389,0.9426341463414634,0.9426341463414634,0.888734535408346,0.9345961027741669,0.009972609476841364,1.8815557956695557
14,0.18611328561472576,0.9523809523809523,0.24150755642681587,0.9258536585365854,0.9260487804878049,0.884233062803626,0.9159995244640047,0.009968238114591563,1.409041404724121
15,0.15404013919958134,0.9654566744730679,0.2326151108087563,0.9342439024390244,0.934829268292683,0.8618500710102261,0.9256607496662279,0.009963544370490266,1.9677109718322754
16,0.11320633921684271,0.9795081967213115,0.18879635618081908,0.9480975609756097,0.9484878048780487,0.8989146652507221,0.9412222283717566,0.009958528549107807,1.6115312576293945
17,0.1200669332382696,0.9781420765027322,0.24784306475592824,0.9299512195121952,0.9299512195121952,0.862397813505484,0.9199777262004983,0.009953190975913644,1.8340933322906494
18,0.1572961108271937,0.962919594067135,0.23863312750909388,0.9270243902439025,0.9278048780487805,0.8799948996279392,0.9175673865151242,0.009947531997255253,2.233346700668335
19,0.16014450113943382,0.9633099141295862,0.21561545111493366,0.9424390243902439,0.9428292682926829,0.8858532188848771,0.9348079588883674,0.00994155198033565,1.3768889904022217
20,0.10668731127065155,0.9812646370023419,0.2105883954850639,0.9387317073170731,0.9389268292682926,0.8551114659573152,0.9303888188853436,0.00993525131318956,1.3491108417510986
21,0.13058357089459838,0.9720921155347385,0.22363529197035767,0.9354146341463415,0.9358048780487805,0.8777976917712649,0.9268217314665145,0.00992863040465825,1.3472175598144531
22,0.10447865389103897,0.9800936768149883,0.2047006158596132,0.9438048780487804,0.944,0.8787189900788775,0.9361701592136571,0.009921689684362984,1.3636188507080078
23,0.09474887962272764,0.9845823575331772,0.20931602233212168,0.9369756097560976,0.9371707317073171,0.8795565858940487,0.9285304898609658,0.009914429602677157,1.3743879795074463
24,0.09641553335321469,0.9820452771272443,0.17207016235444603,0.9516097560975609,0.952,0.8798981087246494,0.9453211492850374,0.009906850630697062,1.512150764465332
25,0.09922221089930656,0.9836065573770492,0.1334637797998219,0.9642926829268292,0.9650731707317073,0.9056809892726865,0.9601961505929911,0.009898953260211334,1.722747564315796
26,0.08882230785886185,0.9847775175644028,0.13588507776434827,0.9625365853658536,0.9635121951219512,0.8956294075301946,0.9584336971332685,0.009890738003669023,2.265932321548462
27,0.0834031032633173,0.9869242779078845,0.11418569904711189,0.9664390243902439,0.9678048780487805,0.8957684692389913,0.963270453943093,0.009882205394146356,1.9995176792144775
28,0.07964865845383802,0.9873145979703357,0.11349482976808781,0.9666341463414634,0.967609756097561,0.8918078272296133,0.9630684410484629,0.009873355985312136,1.949077844619751
29,0.08305060672977245,0.9884855581576893,0.13122724936648114,0.9660487804878048,0.9672195121951219,0.897708208637342,0.9626771583298666,0.009864190351391817,1.647477149963379
30,0.08603374403119843,0.9861436377829821,0.16596207511134264,0.9566829268292683,0.9582439024390244,0.9090741334958454,0.9525031850041111,0.009854709087130256,1.8226325511932373
31,0.09504095391642264,0.9845823575331772,0.15436744406746655,0.9568780487804878,0.9615609756097561,0.9295129156277626,0.9561811517301159,0.0098449128077531,1.4816093444824219
32,0.08670224863846818,0.9879000780640125,0.14194478775815267,0.960780487804878,0.9631219512195122,0.9014554338392871,0.9579699515907567,0.00983480214892688,1.9451096057891846
33,0.0910393311242245,0.9857533177205309,0.15718778776831743,0.9525853658536585,0.9537560975609756,0.8815818591229375,0.9471397565432462,0.009824377766717756,1.6968226432800293
34,0.09310784924882234,0.9834113973458236,0.14874901424675452,0.9625365853658536,0.9639024390243902,0.9092461226836551,0.9588912988168672,0.00981364033754895,1.5025053024291992
35,0.09132255853941136,0.9849726775956285,0.12305985504243432,0.9648780487804878,0.9672195121951219,0.8481463360797799,0.9626690736514896,0.00980259055815686,1.6472768783569336
36,0.08573515095368499,0.9867291178766588,0.10315443502693641,0.9728780487804878,0.9732682926829268,0.8997609488215036,0.9695316062420793,0.009791229145545827,1.8887567520141602
37,0.08065090912385502,0.9882903981264637,0.154070899969194,0.9598048780487805,0.9601951219512195,0.8575444791884208,0.9546268208998887,0.009779556836941641,1.3685839176177979
38,0.09614640923304546,0.9812646370023419,0.1655084948481583,0.9580487804878048,0.9592195121951219,0.8783958357420674,0.953444081762124,0.009767574389743678,1.3531105518341064
39,0.07961218808737644,0.9875097580015613,0.13166570036585737,0.9621463414634146,0.9666341463414634,0.9322371219263823,0.9619930190755036,0.009755282581475764,1.3516805171966553
40,0.08051970398386506,0.9869242779078845,0.14395163573869846,0.96,0.9617560975609756,0.8801329528993218,0.9563823594021504,0.009742682209735723,1.3631632328033447
41,0.09004981175976007,0.9849726775956285,0.14168237980400644,0.9590243902439024,0.9613658536585366,0.9015368427736854,0.9559986759059546,0.009729774092143623,1.3659844398498535
42,0.07888614962507798,0.9884855581576893,0.10700217248753803,0.9668292682926829,0.968780487804878,0.8969445094420443,0.9644299696591979,0.00971655906628871,1.7245869636535645
43,0.08441598816217882,0.9877049180327869,0.12394775174885261,0.9640975609756097,0.9654634146341463,0.8954064052450652,0.9605976089041476,0.009703037989675083,1.4898219108581543
44,0.08307388391202879,0.9879000780640125,0.129875209200673,0.9660487804878048,0.9670243902439024,0.9084333048125526,0.9623982364626379,0.009689211739666019,1.766894817352295
45,0.08009729116873715,0.9882903981264637,0.11604786272165252,0.9713170731707317,0.9717073170731707,0.8962995513967439,0.9677320590899869,0.009675081213427071,1.8047914505004883
46,0.08398348636267987,0.9873145979703357,0.11075269217607452,0.9699512195121951,0.9703414634146341,0.896804688428717,0.966199307367835,0.009660647327867837,1.6155712604522705
47,0.08451620653937542,0.9884855581576893,0.11903605462283623,0.9664390243902439,0.9722926829268292,0.9349873853578872,0.9684665141244668,0.009645911019582462,1.5783586502075195
48,0.0853450936741493,0.9880952380952381,0.10259457490793089,0.9689756097560975,0.9719024390243902,0.9268907756348235,0.9679694061823039,0.009630873244788878,2.287113666534424
49,0.08043282760589279,0.9884855581576893,0.10963736442240272,0.9713170731707317,0.9742439024390244,0.9268675797535686,0.9706621278036641,0.009615534979266739,2.2725586891174316
50,0.07752130147099501,0.9884855581576893,0.11952279003509661,0.9711219512195122,0.9717073170731707,0.9026392054540517,0.9677746086856368,0.009599897218294117,2.182497978210449
51,0.0774653137995586,0.9880952380952381,0.11054760119973159,0.9720975609756097,0.9728780487804878,0.9003533163322646,0.9690858368977651,0.009583960976582909,2.1622939109802246
52,0.07825948078196952,0.9882903981264637,0.12027768380758239,0.9717073170731707,0.9726829268292683,0.9045497041195503,0.9688790151871707,0.009567727288213,2.2104899883270264
53,0.07534550609251384,0.9886807181889149,0.13989605601531704,0.9621463414634146,0.9637073170731707,0.9019799949528209,0.9585505867423709,0.00955119720656517,2.384036064147949
54,0.07889216793770121,0.9888758782201406,0.1076602378647502,0.9713170731707317,0.9724878048780488,0.9087250375035749,0.9686175228981883,0.009534371804252723,2.33967661857605
55,0.08243759382086473,0.9882903981264637,0.17041994069262248,0.9594146341463414,0.9601951219512195,0.8741646503955214,0.9547160141845642,0.009517252173051906,1.7539138793945312
56,0.07774681058434398,0.9877049180327869,0.1346961931775256,0.9644878048780487,0.968780487804878,0.928217003246766,0.9644867923565702,0.009499839423831055,1.3148691654205322
57,0.08152889553312093,0.9882903981264637,0.15820620140215247,0.9553170731707317,0.9588292682926829,0.9210724336048213,0.952951182873939,0.009482134686478513,1.3270032405853271
58,0.0778933490088877,0.9879000780640125,0.10680043168765743,0.9693658536585366,0.9711219512195122,0.9201733063694937,0.9670873754896105,0.009464139109829316,1.9757962226867676
59,0.08504229526952997,0.9867291178766588,0.10497902392759556,0.9715121951219512,0.9732682926829268,0.911412053941886,0.9695547700851253,0.009445853861590641,1.9652953147888184
60,0.07886597350589454,0.9867291178766588,0.11475919562432824,0.9705365853658536,0.9709268292682927,0.9067815497646208,0.966890212562559,0.009427280128266043,1.870591163635254
61,0.07471781070173299,0.9884855581576893,0.18177642469871336,0.9445853658536585,0.945560975609756,0.8482091973734064,0.9380002311969697,0.009408419115078465,1.82379150390625
62,0.09656225895173964,0.9816549570647931,0.09983118307008976,0.9724878048780488,0.9736585365853658,0.9163444318559388,0.9699996825982679,0.009389272045892018,1.947695255279541
63,0.07924719659719183,0.9877049180327869,0.14733687005391935,0.9621463414634146,0.9635121951219512,0.9137930022968388,0.9584886080655828,0.009369840163132585,1.9545390605926514
64,0.0822630385189571,0.9863387978142076,0.11134263154646246,0.9726829268292683,0.9738536585365853,0.9099764708498383,0.9701992603081051,0.009350124727707191,2.100248098373413
65,0.07995992810316355,0.9880952380952381,0.11725944637234618,0.9695609756097561,0.9717073170731707,0.9259658907901537,0.9677586433626755,0.009330127018922189,2.5388453006744385
66,0.07640277684570249,0.9884855581576893,0.11316398339736752,0.9678048780487805,0.9711219512195122,0.9343398830407574,0.9670825176835449,0.009309848334400241,2.251150608062744
67,0.08849200163804326,0.9865339578454333,0.11926850967872434,0.9670243902439024,0.9713170731707317,0.935899796117737,0.9673330372945168,0.009289289989996128,2.117551565170288
68,0.08222103652543956,0.9853629976580797,0.17613418058360494,0.944780487804878,0.9467317073170731,0.9031404870111465,0.939453082992973,0.009268453319711356,2.122615098953247
69,0.0787690469524754,0.9863387978142076,0.10734103030111732,0.9701463414634146,0.9758048780487805,0.9500598079441793,0.9724372688720784,0.009247339675607601,1.865412712097168
70,0.07897733729090949,0.9865339578454333,0.10070852822210731,0.9715121951219512,0.9750243902439024,0.9355622274340849,0.9715638869513656,0.00922595042771897,2.0059773921966553
71,0.08053035669957173,0.9871194379391101,0.11672996679747977,0.9724878048780488,0.9758048780487805,0.9369454224085023,0.9724489434050574,0.009204286963963106,1.3453717231750488
72,0.07696746715550237,0.9880952380952381,0.11989445845382969,0.9666341463414634,0.969170731707317,0.9260766865555934,0.964844426329634,0.009182350690051128,1.335045576095581
73,0.07493801872303403,0.9880952380952381,0.09472543393111811,0.9775609756097561,0.9800975609756097,0.9290832532738263,0.9773345372440921,0.009160143029396417,1.529325008392334
74,0.08346069270988837,0.9865339578454333,0.10435753643221972,0.9740487804878049,0.9765853658536585,0.9183443614555222,0.9733315710488576,0.009137665423022244,2.6010632514953613
75,0.07844763484679505,0.9879000780640125,0.12805385466901267,0.9648780487804878,0.9670243902439024,0.8728028959130085,0.9624664283354383,0.009114919329468276,1.8332316875457764
76,0.08460775561318831,0.9867291178766588,0.0849358989029396,0.9781463414634146,0.9818536585365853,0.943186574167933,0.9793355680040498,0.00909190622469593,1.830174446105957
77,0.06826835574751616,0.9888758782201406,0.13034994149498824,0.961170731707317,0.9654634146341463,0.9216124624807035,0.9606074732568332,0.009068627601992592,1.3705346584320068
78,0.07279366709580565,0.9886807181889149,0.12161548198723211,0.9711219512195122,0.9744390243902439,0.939074653601672,0.9709106820698188,0.009045084971874732,1.0893383026123047
79,0.0766665330983678,0.9879000780640125,0.1256185038874789,0.967609756097561,0.9701463414634146,0.9284922388691297,0.9659967592792149,0.009021279861989879,1.056206464767456
80,0.0747762041356906,0.9886807181889149,0.10794745387100592,0.9709268292682927,0.9750243902439024,0.9473780872846134,0.971578403746105,0.008997213817017501,1.0023226737976074
81,0.07530539373377924,0.9879000780640125,0.11519552555898341,0.967609756097561,0.9720975609756097,0.9399886743192841,0.9682628746415269,0.008972888398568767,0.9529736042022705
82,0.08187950882318398,0.9853629976580797,0.15005125151756332,0.9594146341463414,0.960780487804878,0.9175792873968442,0.955450299357122,0.008948305185085222,0.9479882717132568
83,0.08679594093759942,0.9853629976580797,0.11091545627756817,0.9654634146341463,0.9713170731707317,0.9495815563807317,0.9673137364567582,0.008923465771736356,1.0627405643463135
84,0.07555383208202697,0.9882903981264637,0.08221147484023397,0.9758048780487805,0.9787317073170732,0.9352200149217011,0.9757739079057658,0.008898371770316108,1.0873889923095703
85,0.07468078694136189,0.9886807181889149,0.099716046600807,0.9724878048780488,0.976390243902439,0.8914793187911114,0.9731087930744989,0.008873024809138269,1.1136579513549805
86,0.07722193558895227,0.9869242779078845,0.09329612240849472,0.9758048780487805,0.9793170731707317,0.9420652400176941,0.9764274077846267,0.008847426532930826,1.0156614780426025
87,0.08243769969028522,0.9863387978142076,0.12540841070617118,0.9594146341463414,0.9635121951219512,0.9256013966355271,0.9584434642057248,0.008821578602729238,1.054589033126831
88,0.07587055085429734,0.9867291178766588,0.09079609880214784,0.9748292682926829,0.9785365853658536,0.9463631702243709,0.9755558841268692,0.008795482695768655,1.0334141254425049
89,0.07566027793966766,0.9884855581576893,0.09972437680639872,0.9732682926829268,0.9775609756097561,0.9505127888009294,0.9744497112660223,0.008769140505375082,1.0610668659210205
90,0.06985487963893043,0.9888758782201406,0.09388209070228949,0.975609756097561,0.9806829268292683,0.956519299467349,0.9780076106779048,0.008742553740855504,1.051067590713501
91,0.0763892321033108,0.9884855581576893,0.08878698421687614,0.9773658536585366,0.9800975609756097,0.9399341100020093,0.9773327190438765,0.00871572412738697,0.9916648864746094
92,0.07332900840011887,0.9892661982825918,0.11454645054514816,0.967609756097561,0.9719024390243902,0.9249890637833307,0.9679835520487663,0.008688653405904651,1.0076673030853271
93,0.07754807862392092,0.9882903981264637,0.1003068625025633,0.9732682926829268,0.9754146341463414,0.9255506917448673,0.9719939112182482,0.008661343332988868,1.0067713260650635
94,0.07962773768518448,0.9875097580015613,0.09694019938096768,0.9734634146341463,0.976390243902439,0.9108650650930583,0.9730937184240331,0.008633795680751115,0.9990453720092773
95,0.07383819472169754,0.9877049180327869,0.10763017013596325,0.9670243902439024,0.9717073170731707,0.9375334492393088,0.9677381122676791,0.008606012236719073,0.9907972812652588
96,0.07790434645535388,0.9861436377829821,0.08835392122297753,0.976390243902439,0.9802926829268293,0.9377784247479857,0.9775594729782889,0.008577994803720606,0.9664928913116455
97,0.08065851613410997,0.9865339578454333,0.09856658073750937,0.9752195121951219,0.9795121951219512,0.9537211064741333,0.9766721348699791,0.008549745199766793,0.9822661876678467
98,0.07550384594468512,0.9882903981264637,0.08368569126652509,0.976390243902439,0.9793170731707317,0.9393535891326668,0.9764170539710643,0.008521265257933949,0.9634096622467041
99,0.06936254826462322,0.9884855581576893,0.11715820257838179,0.9693658536585366,0.9744390243902439,0.9469588447768423,0.9708712847248344,0.008492556826244686,0.9578590393066406
100,0.06948385698272601,0.9890710382513661,0.07948521984786522,0.9806829268292683,0.9849756097560975,0.951440824546032,0.9828854173650919,0.008463621767547998,1.0352060794830322
101,0.07137674950812067,0.9884855581576893,0.10786236644081953,0.9765853658536585,0.9822439024390244,0.9617297460391441,0.9798018841469422,0.008434461959398377,0.9886021614074707
102,0.07415316451352183,0.9884855581576893,0.13038960613273992,0.9613658536585366,0.9664390243902439,0.9342260348390167,0.9617075604436276,0.008405079293933988,0.9665672779083252
103,0.07444983332219426,0.9879000780640125,0.13248693985546509,0.9720975609756097,0.976780487804878,0.9398541501086578,0.9735812806582226,0.008375475677753883,1.0285115242004395
104,0.08421718061572285,0.9879000780640125,0.08547696564037625,0.9777560975609756,0.9806829268292683,0.9148353763168395,0.9779903181258487,0.008345653031794294,0.9498205184936523
105,0.06915767786982212,0.9873145979703357,0.11111925039931042,0.9748292682926829,0.9777560975609756,0.9388845738481988,0.9746757323427112,0.008315613291203979,0.9930074214935303
106,0.07820132858382361,0.9888758782201406,0.08987655495143518,0.977170731707317,0.9814634146341463,0.9510176658859104,0.9789019452114013,0.008285358405218657,0.959230899810791
107,0.07011834763744403,0.9886807181889149,0.08815611208066708,0.9793170731707317,0.983609756097561,0.9521086403659473,0.9813428194731212,0.008254890337034523,0.9627995491027832
108,0.07474617477507126,0.9888758782201406,0.07288316883691927,0.9797073170731707,0.9851707317073171,0.9548382991888198,0.9831046811831651,0.008224211063680856,0.9368462562561035
109,0.0797471683526922,0.9886807181889149,0.10658213228132667,0.969170731707317,0.9740487804878049,0.9460318116308459,0.970455432141291,0.008193322575891743,0.9718642234802246
110,0.07401304293436978,0.9886807181889149,0.11134952315470067,0.9720975609756097,0.976780487804878,0.9385559494208837,0.9735790797691499,0.008162226877976889,0.9763007164001465
111,0.07901468484100481,0.9871194379391101,0.10795800807708647,0.9750243902439024,0.9785365853658536,0.9454056995017301,0.9755721140873918,0.008130925987691572,0.9326648712158203
112,0.07530966696000799,0.9884855581576893,0.08934015662204929,0.9799024390243902,0.984390243902439,0.9467088450851571,0.9822201823133833,0.008099421936105704,1.0351412296295166
113,0.07329644049771543,0.9884855581576893,0.08548367145003342,0.9769756097560975,0.9824390243902439,0.9571334871873804,0.979996003971395,0.008067716767472047,0.933354377746582
114,0.07114945562170334,0.9886807181889149,0.09367497423800027,0.9742439024390244,0.9810731707317073,0.9644873869955644,0.9784350657434974,0.00803581253909356,0.9193623065948486
115,0.07512511929917345,0.9890710382513661,0.07354332409253934,0.9818536585365853,0.9869268292682927,0.9529425167215733,0.9851166049795906,0.008003711321189898,0.9300012588500977
116,0.0714817202126914,0.9888758782201406,0.0879282240954841,0.9746341463414634,0.9802926829268293,0.9513754305255123,0.9775375836745349,0.007971415196763091,0.9556026458740234
117,0.0668945782079967,0.9894613583138173,0.08826592859989259,0.9765853658536585,0.9818536585365853,0.9548986044774801,0.9793135128756211,0.007938926261462368,0.9421815872192383
118,0.07494073323025764,0.9890710382513661,0.07015315740719075,0.9781463414634146,0.984780487804878,0.9611727624083966,0.982664004158384,0.007906246623448186,0.9432108402252197
119,0.06944466282680462,0.9879000780640125,0.08245025851377627,0.9765853658536585,0.9826341463414634,0.9622263671039382,0.9802291472714728,0.007873378403255422,0.9642994403839111
120,0.07722892470593846,0.9880952380952381,0.07892245432516423,0.9761951219512195,0.9828292682926829,0.9649905475492889,0.9804401699059654,0.007840323733655782,0.9426343441009521
121,0.07128944425501225,0.9882903981264637,0.13051423757250716,0.9633170731707317,0.9672195121951219,0.9270332239785329,0.9626263996000981,0.007807084759519407,0.9563992023468018
122,0.07555494981179571,0.9880952380952381,0.1171001825623396,0.9742439024390244,0.9773658536585366,0.9409533843011242,0.9742339531053612,0.007773663637675696,0.9523239135742188
123,0.07859245958650059,0.9867291178766588,0.1170458979315874,0.968780487804878,0.9719024390243902,0.9301793992794197,0.9680003080295552,0.007740062536773352,0.9699752330780029
124,0.06731761291595488,0.9892661982825918,0.09407064646046336,0.9777560975609756,0.9824390243902439,0.9071902616264516,0.9800059412156032,0.007706283637139659,0.9215190410614014
125,0.07699724402392077,0.9879000780640125,0.08689356408468107,0.9783414634146341,0.9814634146341463,0.9339140098987089,0.9788888193192528,0.007672329130639009,0.9101004600524902
126,0.06896134990810546,0.9884855581576893,0.11379122437500372,0.9627317073170731,0.9674146341463414,0.9361862449092728,0.9628554753253593,0.007638201220530666,0.9290907382965088
127,0.07118682635135246,0.9880952380952381,0.07776534272403252,0.9793170731707317,0.9830243902439024,0.9524322335418857,0.9806690387694431,0.007603902121325813,0.959014892578125
128,0.0747021254948882,0.9888758782201406,0.0939139032654646,0.9746341463414634,0.9769756097560975,0.8738218747545576,0.9737610132696164,0.007569434058643845,0.9605193138122559
129,0.07038882115323629,0.9892661982825918,0.10750450975138967,0.9701463414634146,0.9742439024390244,0.9107473263892691,0.9706325730736682,0.007534799269067953,0.9539730548858643
130,0.08236094703352563,0.9859484777517564,0.0956677377921779,0.9744390243902439,0.9793170731707317,0.9533407492928607,0.9764478451458283,0.007500000000000001,0.9451546669006348
131,0.07710516145983587,0.9882903981264637,0.09199435621063884,0.9777560975609756,0.9816585365853658,0.9472062248702166,0.9791002554779564,0.0074650385095146885,0.9758942127227783
132,0.074186165570256,0.9884855581576893,0.10659466850466845,0.9697560975609756,0.9750243902439024,0.9510088731469517,0.9715848621125113,0.00742991706621303,0.9686784744262695
133,0.06679222042215036,0.9892661982825918,0.08274596324199583,0.9791219512195122,0.9859512195121951,0.974666724405834,0.9839974007268563,0.007394637949075154,0.9825727939605713
134,0.07391556409266861,0.9884855581576893,0.0967662911473251,0.9736585365853658,0.9812682926829268,0.9437848644382891,0.9786571189374993,0.007359203447312411,0.9869117736816406
135,0.07017632708924762,0.9888758782201406,0.07608946169294963,0.976390243902439,0.9826341463414634,0.9582699011008142,0.9802096593783545,0.0073236158602188435,1.0154778957366943
136,0.06666925588475829,0.9894613583138173,0.07981296830933268,0.9795121951219512,0.9849756097560975,0.9617162949120042,0.9828947074696975,0.007287877497021976,1.1816158294677734
137,0.07151399881620422,0.9888758782201406,0.0928969959980104,0.9754146341463414,0.9812682926829268,0.9481172349711444,0.9786916361423632,0.007251990676732985,1.035728931427002
138,0.07338798337159452,0.9888758782201406,0.07840923062911848,0.9787317073170732,0.984,0.9610658532050764,0.9817744033258406,0.007215957727996208,1.043459177017212
139,0.06867966175938693,0.9890710382513661,0.0726643942914358,0.9816585365853658,0.9867317073170732,0.9620054868958114,0.9848916907637335,0.007179780988938051,1.0915601253509521
140,0.06859095349717394,0.9886807181889149,0.08594454322064796,0.9783414634146341,0.9857560975609756,0.9784916734613512,0.9837874768209128,0.007143462807015271,1.051196813583374
141,0.07109282374022867,0.9886807181889149,0.08721212242289288,0.9752195121951219,0.9810731707317073,0.9624065865630744,0.9784292474108154,0.007107005538862647,1.0545616149902344
142,0.07326787645738807,0.9890710382513661,0.0814411887482899,0.9773658536585366,0.9822439024390244,0.9572166848637153,0.9797801274475204,0.007070411550140061,1.0515389442443848
143,0.06873741554704137,0.9888758782201406,0.07131498963367648,0.9802926829268293,0.9863414634146341,0.9706952918706393,0.984451560489064,0.007033683215379001,1.0424773693084717
144,0.07321869329477397,0.9892661982825918,0.06871753928719497,0.9795121951219512,0.9859512195121951,0.9645944473139727,0.9839993492201439,0.006996822917828478,1.0264649391174316
145,0.07185637680079372,0.9890710382513661,0.08201493851731463,0.9765853658536585,0.9832195121951219,0.9650719362626101,0.9808878223361451,0.006959833049300376,1.0402202606201172
146,0.07367377335574277,0.9877049180327869,0.07538109414170428,0.9812682926829268,0.9875121951219512,0.9712114491087378,0.9857797077296393,0.006922716010014255,1.0316834449768066
147,0.07531400348927177,0.9890710382513661,0.08639372014417881,0.9777560975609756,0.9832195121951219,0.9511483157799516,0.9808987548631791,0.006885474208441602,1.038480520248413
148,0.07182670463273516,0.9888758782201406,0.10167015687430778,0.977170731707317,0.9826341463414634,0.9610087217118872,0.9802536083892586,0.0068481100611495534,1.702986717224121
149,0.06535568750288212,0.9890710382513661,0.08945364958483998,0.9769756097560975,0.9806829268292683,0.9471130701912138,0.9779907105290532,0.006810625992644083,0.962132453918457
150,0.06649151287942393,0.9888758782201406,0.0790449832997671,0.9818536585365853,0.9879024390243902,0.9690666439932121,0.9862284127932606,0.0067730244352126765,0.9747591018676758
151,0.07326300614342605,0.9886807181889149,0.08042995184223826,0.9777560975609756,0.9818536585365853,0.9439739250367563,0.9793211999773699,0.006735307828766513,0.9792006015777588
152,0.07565350143640949,0.9882903981264637,0.11403845542233165,0.9689756097560975,0.9748292682926829,0.952924778714735,0.9713392289083169,0.006697478620682136,0.9518914222717285
153,0.07335151941338293,0.9884855581576893,0.09432428971151026,0.9775609756097561,0.9841951219512195,0.9705904271970427,0.9820055046575454,0.0066595392656426415,0.9526445865631104
154,0.07184740211262101,0.9886807181889149,0.07475966381445164,0.9824390243902439,0.9867317073170732,0.9539318676510524,0.9848934098941966,0.0066214922254784125,0.9647502899169922
155,0.07254949050674114,0.9890710382513661,0.09360632270138439,0.9775609756097561,0.9824390243902439,0.9531933057127993,0.9800035531897682,0.006583339969007363,1.0100839138031006
156,0.07132981324918818,0.9892661982825918,0.06258422546851926,0.984780487804878,0.9892682926829268,0.9589234310814745,0.9877818957755723,0.0065450849718747366,1.087186574935913
157,0.07080114309644729,0.9886807181889149,0.07883987168858692,0.983609756097561,0.9867317073170732,0.944906572308463,0.9848946133801217,0.00650672971639248,1.1249988079071045
158,0.07273543665529456,0.9888758782201406,0.1004379148192522,0.9754146341463414,0.9806829268292683,0.9559891636398457,0.978003098880509,0.006468276691378153,1.1443660259246826
159,0.07023582560359955,0.9894613583138173,0.0813469386565976,0.9781463414634146,0.9838048780487805,0.9514077609789973,0.9815553548138345,0.006429728391993445,1.6311743259429932
160,0.06755898417385148,0.9890710382513661,0.08574042101313428,0.9793170731707317,0.9818536585365853,0.9347923256785646,0.9793390221012317,0.006391087319582263,1.058326005935669
161,0.07570193023918885,0.9884855581576893,0.0732131624163651,0.9814634146341463,0.9855609756097561,0.9475807722359921,0.9835503123402065,0.006352355981508418,1.1274299621582031
162,0.0689477424917395,0.9892661982825918,0.10295623210581338,0.9765853658536585,0.9799024390243902,0.9398850857591974,0.9770984530723604,0.006313536890992934,1.783715009689331
163,0.07236371952925855,0.9882903981264637,0.07649293454100446,0.9802926829268293,0.9857560975609756,0.9662089196161917,0.9837845149822196,0.006274632566950966,0.9979965686798096
164,0.06932564593715612,0.9888758782201406,0.09484308441673837,0.976,0.9810731707317073,0.957375602375816,0.9784474713773532,0.0062356455338283484,0.9676480293273926
165,0.07047271847784531,0.9894613583138173,0.07891141696092559,0.9820487804878049,0.9867317073170732,0.9583871311792176,0.9848961210681861,0.00619657832143779,0.9719679355621338
166,0.06675761044687016,0.9890710382513661,0.10644269279735845,0.9670243902439024,0.9719024390243902,0.9396898363128962,0.9679887723004504,0.006157433464794714,0.9751207828521729
167,0.06881513254325125,0.9886807181889149,0.08475851755607419,0.9761951219512195,0.9810731707317073,0.9492565727298704,0.97842696900314,0.006118213503952776,0.9667787551879883
168,0.06849126088917168,0.9888758782201406,0.09141616078120907,0.9744390243902439,0.9808780487804878,0.9614050463361173,0.9782157188173033,0.006078920983839031,0.9662220478057861
169,0.06809717678093438,0.9890710382513661,0.0716749792564206,0.9802926829268293,0.9851707317073171,0.9567433506914688,0.983105929896679,0.006039558454088796,0.9873766899108887
170,0.06839463453533405,0.9894613583138173,0.07288355428998063,0.9818536585365853,0.9879024390243902,0.9719133180149743,0.9862267831352713,0.006000128468880222,1.0177807807922363
171,0.07108080137145155,0.9894613583138173,0.08050899497474112,0.976,0.9816585365853658,0.9572733389464136,0.9790967831739149,0.0059606335867685425,1.0326030254364014
172,0.0697065885776725,0.9888758782201406,0.09865364401224183,0.9777560975609756,0.9808780487804878,0.9368673533630223,0.9782260676520955,0.005921076370520057,1.0117225646972656
173,0.07158724726872064,0.9894613583138173,0.0827487375358256,0.976780487804878,0.9802926829268293,0.9174232018289951,0.9775471439489959,0.005881459386945845,1.0150327682495117
174,0.06634799300788943,0.989656518345043,0.07532870410128338,0.983609756097561,0.9869268292682927,0.9492548040428408,0.9851172474837366,0.005841785206735192,1.023587942123413
175,0.07139397621413607,0.9892661982825918,0.08501366507134786,0.9808780487804878,0.9857560975609756,0.9622308453845658,0.9837749503100399,0.005802056404288801,1.0594100952148438
176,0.06842022463911962,0.9892661982825918,0.09173144695235462,0.9812682926829268,0.9841951219512195,0.950056540295297,0.9820026376622093,0.005762275557551726,1.0557711124420166
177,0.06836599127406212,0.9894613583138173,0.07695662012332823,0.983609756097561,0.9884878048780488,0.9646382528142559,0.9868923189097184,0.005722445247846105,1.1014807224273682
178,0.06885725658846427,0.9886807181889149,0.06859648073591837,0.9795121951219512,0.9857560975609756,0.9598440805717947,0.9837759782743599,0.005682568059703657,1.0780878067016602
179,0.06661243272173181,0.9888758782201406,0.07661017708080571,0.9818536585365853,0.9875121951219512,0.95402749097748,0.9857840220208967,0.005642646580697972,1.1056923866271973
180,0.0648441194672251,0.9882903981264637,0.07249529259088562,0.9800975609756097,0.9851707317073171,0.9486561013203765,0.9831251648762372,0.005602683401276613,1.0800988674163818
181,0.06538295449876604,0.9892661982825918,0.07430815831917088,0.9814634146341463,0.9877073170731707,0.9722499155883588,0.9860002567757782,0.005562681114593026,1.0891470909118652
182,0.06752546519916403,0.9890710382513661,0.08459004465545096,0.9795121951219512,0.9845853658536585,0.9512227243703617,0.9824525826417805,0.005522642316338266,1.1212432384490967
183,0.06858381639313968,0.9890710382513661,0.07570057908500114,0.9822439024390244,0.9867317073170732,0.9579217473171502,0.984891332480427,0.005482569604572574,1.0592832565307617
184,0.06912385451169008,0.989656518345043,0.08050690277029829,0.9797073170731707,0.9838048780487805,0.9535391260172508,0.9815519295348111,0.005442465579556791,1.0480918884277344
185,0.0684011342359458,0.9894613583138173,0.07838954742943369,0.9795121951219512,0.9845853658536585,0.9548557418832342,0.982445505516111,0.0054023328435836284,1.0538322925567627
186,0.06430974513311215,0.9890710382513661,0.07069704775112431,0.9832195121951219,0.9869268292682927,0.9514912283412306,0.985109303889066,0.00536217400080881,1.0411088466644287
187,0.0698894405000313,0.9894613583138173,0.09166911128090649,0.975609756097561,0.9806829268292683,0.9520856376028566,0.9779944543639572,0.005321991657082094,1.0016498565673828
188,0.06712026513130008,0.9892661982825918,0.08266099173557467,0.9820487804878049,0.9869268292682927,0.9590690578076081,0.9851099728512579,0.0052817884197781835,0.9919228553771973
189,0.07004794848728038,0.9890710382513661,0.08386915710786494,0.975609756097561,0.9806829268292683,0.9541512222848334,0.9779867237871503,0.005241566897627533,1.0137379169464111
190,0.06462280420771131,0.9892661982825918,0.08100996993809212,0.9818536585365853,0.9880975609756097,0.9685582294742905,0.9864522737818985,0.005201329700547074,0.9990880489349365
191,0.06723313108082951,0.9892661982825918,0.06105307366789841,0.984780487804878,0.9890731707317073,0.956472578726391,0.9875559855991102,0.005161079439470862,0.9917480945587158
192,0.06727847520746931,0.9894613583138173,0.07841178616081797,0.9838048780487805,0.9877073170731707,0.9562423156105906,0.986009744800413,0.00512081872618066,0.9964001178741455
193,0.06890619005720734,0.9894613583138173,0.08549387239828342,0.9795121951219512,0.9845853658536585,0.9551736600831093,0.9824453296945936,0.0050805501731364545,1.0088284015655518
194,0.06382874773497563,0.9894613583138173,0.06554818438611379,0.9830243902439024,0.9877073170731707,0.9532453122702569,0.9860016109148891,0.005040276393306948,0.9866797924041748
195,0.06980428375066734,0.9888758782201406,0.08729085098243342,0.9779512195121951,0.984,0.9609195992373027,0.9817864697285276,0.004999999999999998,1.0121991634368896
196,0.06878119478311905,0.9888758782201406,0.0807308781263305,0.9785365853658536,0.9838048780487805,0.9616761850007411,0.9815492368942218,0.004959723606693049,1.018627643585205
197,0.06826174119669162,0.9892661982825918,0.08741003596782684,0.9783414634146341,0.984780487804878,0.9307377253057656,0.982668197501645,0.004919449826863542,0.9990899562835693
198,0.06552546600620611,0.9892661982825918,0.10720870130818065,0.9720975609756097,0.977170731707317,0.9525537510734684,0.9740296880782008,0.004879181273819337,1.0447022914886475
199,0.05994905950192574,0.9890710382513661,0.06494023011079648,0.9828292682926829,0.9869268292682927,0.9512544793902018,0.9851160166138848,0.0048389205605291336,1.0758857727050781
200,0.07096564863604159,0.9890710382513661,0.07001347696781159,0.984,0.9898536585365854,0.9595240105443639,0.9884467999196435,0.004798670299452923,1.0989866256713867
201,0.06729877328647012,0.989656518345043,0.0827839078147237,0.976780487804878,0.9830243902439024,0.9276263707593344,0.9806775710097911,0.004758433102372462,1.0796618461608887
202,0.07008841202414764,0.9890710382513661,0.08591873694047696,0.9758048780487805,0.9820487804878049,0.9583342723086199,0.9795444800833735,0.0047182115802218115,1.0911660194396973
203,0.06913915936086999,0.9884855581576893,0.07386724804668891,0.9812682926829268,0.9871219512195122,0.9636262186926086,0.985335592526385,0.0046780083429179015,1.0648095607757568
204,0.07107385814100486,0.9879000780640125,0.06953542720690006,0.9824390243902439,0.9890731707317073,0.979117696415601,0.9875606920121396,0.004637825999191186,1.0576143264770508
205,0.06957955925345892,0.9892661982825918,0.06596425328603604,0.9826341463414634,0.9880975609756097,0.9640184451552308,0.9864460171472352,0.004597667156416369,1.0929007530212402
206,0.0664819603092288,0.9892661982825918,0.07720755803875806,0.9812682926829268,0.9865365853658536,0.9597384799065161,0.9846784528809729,0.004557534420443206,1.1282305717468262
207,0.06457660545956323,0.9894613583138173,0.08568382581850377,0.9808780487804878,0.9867317073170732,0.9717277888952272,0.9848970138861232,0.004517430395427423,1.134047508239746
208,0.06709328331096878,0.9892661982825918,0.06938834718378578,0.9822439024390244,0.9882926829268293,0.9664509591757149,0.9866721474841522,0.00447735768366173,1.118776559829712
209,0.06802944927916198,0.989656518345043,0.06523048656161239,0.9822439024390244,0.9884878048780488,0.9726018528773025,0.9868952405420583,0.00443731888540697,1.103961706161499
210,0.06860006499052583,0.9894613583138173,0.06969507534329485,0.9808780487804878,0.9871219512195122,0.9636330640778388,0.9853368029080338,0.004397316598723381,1.136504888534546
211,0.06441198980397923,0.989656518345043,0.07748058898856,0.9814634146341463,0.9875121951219512,0.9715382572328305,0.9857831747774449,0.004357353419302024,1.2245850563049316
212,0.06883231531952237,0.9894613583138173,0.07208041120738518,0.9822439024390244,0.9882926829268293,0.9659136135771689,0.9866750906093839,0.004317431940296339,1.2417943477630615
213,0.0688656958214107,0.9890710382513661,0.09136152816109541,0.9699512195121951,0.9769756097560975,0.9609064616784765,0.9737728183527734,0.004277554752153891,1.1504085063934326
214,0.07096348223687207,0.9894613583138173,0.07320422934904332,0.9810731707317073,0.9855609756097561,0.9554039283778024,0.9835594656403669,0.00423772444244827,1.0840568542480469
215,0.06542896605362122,0.9882903981264637,0.08001070120857984,0.9810731707317073,0.9867317073170732,0.9661192704899759,0.9848866961901551,0.0041979435957111965,1.007457971572876
216,0.0621493562476551,0.9892661982825918,0.07179139604801085,0.9816585365853658,0.9871219512195122,0.9651454219337698,0.9853351913526663,0.004158214793264805,1.01759672164917
217,0.06804953798706949,0.9890710382513661,0.07438420620778712,0.9797073170731707,0.984780487804878,0.945852547826044,0.9826742009946113,0.004118540613054154,1.0009007453918457
218,0.06632914260330783,0.9894613583138173,0.06552467708471345,0.9841951219512195,0.9898536585365854,0.9725797510613342,0.9884496485507602,0.004078923629479941,1.030153751373291
219,0.06537323003703151,0.989656518345043,0.06522875379353035,0.9818536585365853,0.9879024390243902,0.9675723503646951,0.9862232144494656,0.004039366413231455,1.0193145275115967
220,0.06590101910372621,0.9894613583138173,0.09826440532033036,0.9736585365853658,0.9797073170731707,0.9623369491540477,0.9768757417767447,0.003999871531119775,1.01210618019104
221,0.06975277951445247,0.9894613583138173,0.07080503633545666,0.9826341463414634,0.9884878048780488,0.965792535134155,0.9868911198852878,0.003960441545911201,1.0138916969299316
222,0.06517858382214113,0.9890710382513661,0.07061354678433115,0.9804878048780488,0.9869268292682927,0.9708682649658307,0.9851111272508105,0.0039210790161609685,1.01887845993042
223,0.0675047854891092,0.989656518345043,0.07438880532543833,0.983609756097561,0.9900487804878049,0.9753914913263841,0.9886722518297861,0.0038817864960472214,1.0143911838531494
224,0.06269209935409101,0.9892661982825918,0.06359189314958526,0.9834146341463414,0.9894634146341463,0.9684118779057891,0.9880041143612098,0.0038425665352052846,1.0292577743530273
225,0.06770184301247037,0.9888758782201406,0.08079465135713904,0.9785365853658536,0.9853658536585366,0.9726066803861364,0.9833428188080474,0.0038034216785622107,0.9922029972076416
226,0.06362048375102561,0.9894613583138173,0.07013578244534935,0.9789268292682927,0.9845853658536585,0.9556127005519606,0.9824435530146592,0.0037643544661716518,1.04868745803833
227,0.06512447406271012,0.9894613583138173,0.08054768825158841,0.9781463414634146,0.9841951219512195,0.9613931718818871,0.9820065880269139,0.003725367433049033,1.089332103729248
228,0.06010965786923005,0.989656518345043,0.06731582099053918,0.9802926829268293,0.9867317073170732,0.9744986777136359,0.9848895997738426,0.0036864631090070656,1.1021759510040283
229,0.06383174540733833,0.9894613583138173,0.058800274965239735,0.984390243902439,0.9902439024390244,0.9644599095325826,0.9888920691888193,0.0036476440184915818,1.0921027660369873
230,0.06545077438123094,0.9892661982825918,0.058065669123719375,0.984390243902439,0.9904390243902439,0.9613273757691162,0.9891155125736472,0.0036089126804177358,1.1127078533172607
231,0.061962196486365924,0.989656518345043,0.05960109057659056,0.9838048780487805,0.9898536585365854,0.9649826521983268,0.9884479933210762,0.0035702716080065525,1.063058853149414
232,0.06508177354863491,0.9892661982825918,0.07322768500956094,0.9820487804878049,0.9884878048780488,0.9698963657271196,0.9868906925022305,0.003531723308621846,1.0709359645843506
233,0.06405471261353708,0.9894613583138173,0.06623457892057372,0.984,0.9894634146341463,0.9639710258013591,0.9880034534448815,0.0034932702836075196,1.0975217819213867
234,0.06908667926654033,0.9894613583138173,0.06828328713556615,0.9834146341463414,0.9894634146341463,0.9700707668320405,0.9880072172501587,0.0034549150281252628,1.0630075931549072
235,0.06297824310413638,0.9894613583138173,0.09210736879488317,0.9744390243902439,0.9812682926829268,0.9654212523210424,0.978665161548741,0.003416660030992637,1.0374586582183838
236,0.06553561458597505,0.989656518345043,0.09167125715860507,0.9730731707317073,0.9791219512195122,0.9565451471464014,0.9762208663605101,0.0033785077745215864,1.0500075817108154
237,0.06631822258693505,0.9894613583138173,0.06911608041786566,0.9826341463414634,0.9880975609756097,0.9633412200572045,0.9864514934863807,0.0033404607343573583,1.0963096618652344
238,0.06667256557472068,0.9892661982825918,0.08914407980151293,0.9797073170731707,0.9855609756097561,0.9636612919447769,0.9835637699290102,0.003302521379317864,1.1794013977050781
239,0.06458300480816824,0.989656518345043,0.06972249330834644,0.9818536585365853,0.9873170731707317,0.9393889009699952,0.9855615212688923,0.0032646921712334858,1.1710238456726074
240,0.06472477143678369,0.989656518345043,0.07086411941923747,0.9822439024390244,0.9879024390243902,0.9697934257709122,0.9862324930063014,0.003226975564787322,1.1456964015960693
241,0.06360048048814743,0.989656518345043,0.0719585609028979,0.9810731707317073,0.9867317073170732,0.9603996987287313,0.9848892001140356,0.003189374007355916,1.1370899677276611
242,0.06398211625076766,0.9894613583138173,0.06607627021975633,0.9838048780487805,0.9896585365853658,0.9667879677418981,0.9882308950000855,0.003151889938850444,1.080986499786377
243,0.06460689877906552,0.989656518345043,0.07287605392060628,0.9816585365853658,0.9880975609756097,0.9681460617960985,0.9864560360221569,0.003114525791558397,1.039797306060791
244,0.06262750679279541,0.989656518345043,0.07049127261813094,0.984,0.9902439024390244,0.9684324747406206,0.9888915159099069,0.0030772839899857454,1.0166525840759277
245,0.061219131003681405,0.989656518345043,0.05745772907210559,0.9851707317073171,0.9906341463414634,0.9666342727833077,0.9893370395356567,0.0030401669506996245,0.9998738765716553
246,0.06379944340716306,0.989656518345043,0.07150964719493215,0.9828292682926829,0.9888780487804878,0.9679873342084452,0.9873396419657249,0.003003177082171521,1.0079588890075684
247,0.06229878943028171,0.989656518345043,0.07298287838842811,0.9804878048780488,0.9869268292682927,0.9628836353594623,0.9851150184792683,0.0029663167846209985,1.004887580871582
248,0.062355011316259146,0.989656518345043,0.06686948933252475,0.9834146341463414,0.9900487804878049,0.9773578818064135,0.9886718787076437,0.002929588449859939,1.0272152423858643
249,0.06358788505772377,0.9894613583138173,0.058798456936347776,0.984,0.9902439024390244,0.9726793118010396,0.9888952106137605,0.0028929944611373547,1.0151102542877197
250,0.06541260106108827,0.989656518345043,0.06536963289539989,0.9838048780487805,0.9892682926829268,0.9663495110265686,0.9877848730120815,0.00285653719298473,1.0039317607879639
251,0.06397795225664461,0.989656518345043,0.06820092816469146,0.9832195121951219,0.9888780487804878,0.9658362398482274,0.9873380368580266,0.0028202190110619483,1.0170602798461914
252,0.062469063931967043,0.989656518345043,0.07018549831902109,0.9828292682926829,0.9886829268292683,0.9545776886242554,0.9871208933684927,0.002784042272003793,1.028862714767456
253,0.06403662739641482,0.989656518345043,0.06155012014435559,0.9841951219512195,0.9900487804878049,0.9690816095731001,0.9886728036127418,0.0027480093232670148,1.0025553703308105
254,0.06280226067543193,0.989656518345043,0.07771493532599473,0.9810731707317073,0.9871219512195122,0.9527707613443988,0.9853380823642163,0.002712122502978023,1.0698723793029785
255,0.06521991128719919,0.989656518345043,0.08924266426737716,0.9777560975609756,0.9838048780487805,0.9703959123963654,0.9815817328546553,0.0026763841397811562,1.1315653324127197
256,0.06472649683908303,0.9894613583138173,0.0674842876224983,0.9818536585365853,0.9879024390243902,0.9733286865942643,0.9862284521868112,0.002640796552687589,1.1694607734680176
257,0.0630165008540141,0.9894613583138173,0.0686597524154477,0.9849756097560975,0.9902439024390244,0.9701994498351472,0.9888940203932223,0.0026053620509248468,1.169342041015625
258,0.06228995951005984,0.989656518345043,0.061750656436129314,0.984390243902439,0.9904390243902439,0.968397006345282,0.9891126784133406,0.0025700829337869688,1.133742332458496
259,0.06352353875054909,0.989656518345043,0.06711330942409795,0.9816585365853658,0.9880975609756097,0.9741088753682667,0.9864446907175973,0.002534961490485312,1.1118996143341064
260,0.06551130510725599,0.9894613583138173,0.07310591083619652,0.9838048780487805,0.9892682926829268,0.9663827303917355,0.9877843759362152,0.0025,1.1400721073150635
261,0.06529787757305267,0.9892661982825918,0.06864272033877489,0.983609756097561,0.9902439024390244,0.9730724917000837,0.9888961316202509,0.0024652007309320483,1.1461946964263916
262,0.06376473265238379,0.9894613583138173,0.07060234925805069,0.9820487804878049,0.9880975609756097,0.9696907182566248,0.9864453730649564,0.0024305659413561558,1.1580226421356201
263,0.06442887366550867,0.989656518345043,0.0697124896282103,0.9841951219512195,0.9904390243902439,0.9725037085432957,0.9891196545117159,0.002396097878674188,1.1745219230651855
264,0.06361057989809671,0.989656518345043,0.06487400941732453,0.9838048780487805,0.9898536585365854,0.973200369518304,0.9884503543574299,0.002361798779469334,1.1894357204437256
265,0.06425765720010676,0.989656518345043,0.08182298249733157,0.9781463414634146,0.9841951219512195,0.9641896588777207,0.9820031081461357,0.002327670869360993,1.1842782497406006
266,0.06751041172492514,0.989656518345043,0.06820182443828117,0.9828292682926829,0.9886829268292683,0.9698770516974371,0.9871167733066998,0.0022937163628603424,1.2012641429901123
267,0.059109950555920325,0.9894613583138173,0.060078225787093,0.983609756097561,0.9900487804878049,0.9765079696721295,0.9886718954004753,0.00225993746322665,1.1830852031707764
268,0.059958736007636196,0.989656518345043,0.06314356369507022,0.9838048780487805,0.9902439024390244,0.9676097398363467,0.988893036451819,0.002226336362324304,1.1557254791259766
269,0.06248009373898459,0.989656518345043,0.06459386302203667,0.9841951219512195,0.9898536585365854,0.9682697756718831,0.988451315317183,0.0021929152404805943,1.10408353805542
270,0.06496999842339399,0.9888758782201406,0.07034868652646134,0.9838048780487805,0.9906341463414634,0.9792957611877853,0.989340582430576,0.00215967626634422,1.0410435199737549
271,0.06296717147121117,0.989656518345043,0.06537800434740579,0.9845853658536585,0.9908292682926829,0.9775321164884035,0.9895608184873039,0.002126621596744581,1.01338529586792
272,0.06300345118827158,0.989656518345043,0.060283405972690114,0.9851707317073171,0.9918048780487805,0.978165834089276,0.9906710988301406,0.002093753376551815,1.0160748958587646
273,0.06279757736173693,0.989656518345043,0.06221925698257074,0.984780487804878,0.9910243902439024,0.9781271536440597,0.989782875153972,0.0020610737385376335,1.0187387466430664
274,0.06399544120993782,0.989656518345043,0.06159732304549799,0.984390243902439,0.9910243902439024,0.9778577753536761,0.989784178585125,0.0020285848032369123,1.0097756385803223
275,0.05856932287891799,0.9894613583138173,0.0659258132387952,0.9830243902439024,0.9892682926829268,0.9708524821483737,0.9877807082884534,0.0019962886788101033,0.9975392818450928
276,0.06163651878770316,0.989656518345043,0.07722551531907988,0.9812682926829268,0.9875121951219512,0.9578941495775462,0.985785568980922,0.001964187460906443,1.028801679611206
277,0.06275134988435944,0.9894613583138173,0.07341617702274787,0.984,0.9902439024390244,0.9738032991297173,0.9888968792843151,0.0019322832325279547,1.0200695991516113
278,0.06210516856446757,0.989656518345043,0.07637462324049414,0.9802926829268293,0.9867317073170732,0.9643256078174047,0.9848922121109143,0.0019005780638942987,1.037781000137329
279,0.061575350039373214,0.9894613583138173,0.0628184525210683,0.983609756097561,0.9894634146341463,0.9611316068895339,0.9880064542827489,0.0018690740123084302,1.0189037322998047
280,0.055031089866090385,0.989656518345043,0.06046331092497197,0.9841951219512195,0.9900487804878049,0.9648005569158948,0.9886706428104972,0.0018377731220231128,1.0003552436828613
281,0.06519668476342003,0.989656518345043,0.06732444985901437,0.9845853658536585,0.9914146341463415,0.9838983273826182,0.9902285920150741,0.0018066774241082598,1.0786614418029785
282,0.06258743092458431,0.989656518345043,0.05716267052510889,0.9845853658536585,0.991609756097561,0.980670802310201,0.9904485772855184,0.0017757889363191467,1.1297905445098877
283,0.059127778142391126,0.989656518345043,0.05983996730315976,0.984,0.9908292682926829,0.982625453249814,0.989559033387773,0.0017451096629654804,1.1609275341033936
284,0.0632592683583847,0.989656518345043,0.06674489429520397,0.9834146341463414,0.9898536585365854,0.9694121717855011,0.9884517842275032,0.0017146415947813457,1.152174472808838
285,0.06446102652247998,0.989656518345043,0.0670556537232748,0.984,0.9900487804878049,0.9706148827433276,0.9886733391442553,0.0016843867087960223,1.1396169662475586
286,0.05780516023137647,0.989656518345043,0.06476652440792177,0.983609756097561,0.9896585365853658,0.9757123076119293,0.9882266615046745,0.0016543469682057076,1.1301379203796387
287,0.061187565072594464,0.989656518345043,0.0701091399658017,0.9810731707317073,0.9879024390243902,0.9716866019305578,0.9862266774628131,0.0016245243222461185,1.1461732387542725
288,0.06038765998624097,0.9894613583138173,0.06962790514201653,0.9816585365853658,0.9873170731707317,0.9636935539469166,0.98555955536305,0.0015949207060660141,1.1663053035736084
289,0.061646561307365844,0.989656518345043,0.058944280886068574,0.9841951219512195,0.9900487804878049,0.9685935883139889,0.9886711196227911,0.0015655380406016238,1.1294755935668945
290,0.05999267303256157,0.989656518345043,0.07377363318931765,0.9814634146341463,0.9875121951219512,0.9613128180084296,0.9857801361942139,0.0015363782324520018,1.072995662689209
291,0.062441677674447575,0.989656518345043,0.06130736043976574,0.9851707317073171,0.9912195121951219,0.9685406494572719,0.990005129941545,0.0015074431737553144,1.066037654876709
292,0.06271537896980016,0.989656518345043,0.06757936394505384,0.9826341463414634,0.9884878048780488,0.9659746378354074,0.9868946805166905,0.0014787347420660527,1.0400195121765137
293,0.05842656959328076,0.9894613583138173,0.0662585986590967,0.9818536585365853,0.9877073170731707,0.9653307786712737,0.9860119898096669,0.0014502548002332091,1.060556173324585
294,0.058383876452357694,0.989656518345043,0.06069574018804039,0.9851707317073171,0.9912195121951219,0.9670786573490652,0.9900056834888258,0.001422005196279393,1.1594853401184082
295,0.06509904987974838,0.989656518345043,0.07013179426658445,0.9826341463414634,0.9884878048780488,0.9651119608771175,0.9868932103643746,0.0013939877632809263,1.196556568145752
296,0.060331386617791256,0.989656518345043,0.060533307191802235,0.9830243902439024,0.9886829268292683,0.9630889446040607,0.9871169648271253,0.0013662043192488823,1.158031702041626
297,0.057718370925521685,0.989656518345043,0.06470630082851503,0.9834146341463414,0.9892682926829268,0.9659264715843339,0.9877834531418119,0.0013386566670111314,1.0794200897216797
298,0.05922171482809068,0.989656518345043,0.06720023273840184,0.9838048780487805,0.9906341463414634,0.9705451023322146,0.9893407283835605,0.0013113465940953481,1.0268642902374268
299,0.056885244381148004,0.989656518345043,0.07166008221230856,0.9795121951219512,0.9871219512195122,0.9740204800599046,0.9853393730348746,0.001284275872613028,1.0326881408691406
300,0.05706965163928819,0.989656518345043,0.062388519479007254,0.9810731707317073,0.9877073170731707,0.9713846179463603,0.9860051458585635,0.0012574462591444927,1.0164093971252441
301,0.061199556697002964,0.989656518345043,0.06361037594516103,0.9826341463414634,0.9886829268292683,0.9736024012418701,0.9871149309579205,0.0012308594946249143,1.0264031887054443
302,0.062186434822103225,0.989656518345043,0.06221696603007433,0.9845853658536585,0.9914146341463415,0.9732624789265678,0.9902279246651429,0.0012045173042313415,1.019495964050293
303,0.06206556900232088,0.989656518345043,0.06364922654919508,0.9820487804878049,0.9894634146341463,0.9738241133951264,0.9880076355936669,0.0011784213972707584,1.0190539360046387
304,0.06006272024839279,0.989656518345043,0.05852504390042003,0.9832195121951219,0.9898536585365854,0.9696957782348747,0.9884499584155163,0.0011525734670691705,1.0148227214813232
305,0.05878038877427904,0.989656518345043,0.06188492127744163,0.9830243902439024,0.9900487804878049,0.9721984163050873,0.988673758796714,0.0011269751908617263,1.2592806816101074
306,0.062329714211208524,0.989656518345043,0.06525937344388263,0.9828292682926829,0.9902439024390244,0.9717763454740507,0.9888951879956918,0.0011016282296838862,1.1432702541351318
307,0.06088188410991807,0.989656518345043,0.058457162473259904,0.984390243902439,0.9912195121951219,0.9720901798311606,0.990004335896962,0.001076534228263639,1.0902011394500732
308,0.06106933524467162,0.989656518345043,0.06106905799958764,0.9838048780487805,0.9910243902439024,0.9741533651468353,0.9897836017338972,0.001051694814914774,1.2214617729187012
309,0.05780835716187616,0.989656518345043,0.06440742979980096,0.983609756097561,0.9910243902439024,0.9737674274328727,0.9897825235602221,0.001027111601431228,1.1317341327667236
310,0.06079632966509445,0.989656518345043,0.062190230823144683,0.9826341463414634,0.9900487804878049,0.9790432460732104,0.9886717431993077,0.001002786182982494,1.214714527130127
311,0.05929490207686473,0.989656518345043,0.06187135541729811,0.9832195121951219,0.9902439024390244,0.9803634772976895,0.9888945806420297,0.0009787201380101146,1.3841373920440674
312,0.05756835573389952,0.989656518345043,0.061609340533977604,0.9845853658536585,0.9918048780487805,0.9804047379041909,0.9906715617456804,0.0009549150281252622,1.1297593116760254
313,0.05964730379762743,0.989656518345043,0.06309555503217186,0.9845853658536585,0.991609756097561,0.9825625422444096,0.9904493993685227,0.0009313723980074024,1.165281057357788
314,0.05956154662656258,0.989656518345043,0.06107860333163564,0.983609756097561,0.9904390243902439,0.9750846964916153,0.9891153205617739,0.0009080937753040653,1.1926865577697754
315,0.05985895296119613,0.989656518345043,0.06238992119998467,0.9826341463414634,0.9894634146341463,0.9734971073319616,0.988005729165854,0.0008850806705317173,1.2940843105316162
316,0.060501680246304944,0.989656518345043,0.05953769857709001,0.9838048780487805,0.9912195121951219,0.981864283406388,0.9900040599228489,0.0008623345769777503,1.3154470920562744
317,0.058763946061205066,0.989656518345043,0.06254260134696961,0.9826341463414634,0.9900487804878049,0.9754337131409916,0.9886711201138232,0.000839856970603577,1.2754285335540771
318,0.05937068657200728,0.989656518345043,0.0700140289329901,0.9795121951219512,0.9871219512195122,0.9726965281155677,0.9853400103428231,0.0008176493099488653,1.2710411548614502
319,0.05679103977989862,0.989656518345043,0.06503916025743252,0.9818536585365853,0.9888780487804878,0.9693915454903004,0.9873395196077416,0.0007957130360368887,1.3009872436523438
320,0.05918882002910071,0.989656518345043,0.065727011145615,0.9818536585365853,0.9888780487804878,0.9702310777887992,0.9873418352291512,0.000774049572281026,1.2938547134399414
321,0.06084270276577095,0.989656518345043,0.06308533103291582,0.9828292682926829,0.9900487804878049,0.973468962622937,0.9886712811700678,0.0007526603243923948,1.3658530712127686
322,0.05954040458228128,0.989656518345043,0.056461551166162256,0.984390243902439,0.991609756097561,0.9807159091750725,0.9904492284233389,0.000731546680288638,1.3599793910980225
323,0.05976520701014174,0.989656518345043,0.05983524766782435,0.9826341463414634,0.9894634146341463,0.9761813333855912,0.9880044362130531,0.0007107100100038663,1.365391731262207
324,0.057049709182468177,0.989656518345043,0.05890072949921213,0.9832195121951219,0.9900487804878049,0.9788672087437207,0.9886729091522894,0.0006901516655997539,1.3056654930114746
325,0.06205142083142322,0.989656518345043,0.056306755438083556,0.9845853658536585,0.9914146341463415,0.978530446129175,0.9902277853401092,0.0006698729810778067,1.2845230102539062
326,0.058487403428997733,0.989656518345043,0.05875986855786021,0.9841951219512195,0.9908292682926829,0.9747470848521004,0.9895625138796358,0.0006498752722928034,1.29925537109375
327,0.05747205509886343,0.989656518345043,0.05962113131546393,0.984,0.9908292682926829,0.9766270613236457,0.9895628530729192,0.0006301598368674097,1.2432358264923096
328,0.05870997840553162,0.989656518345043,0.05986223358061255,0.983609756097561,0.9900487804878049,0.97303959050379,0.9886753473045139,0.0006107279541079772,1.2453927993774414
329,0.05850165927416233,0.989656518345043,0.06048050743777578,0.983609756097561,0.9906341463414634,0.9802960669267811,0.9893426798897149,0.0005915808849215297,1.212035894393921
330,0.060526462852341256,0.989656518345043,0.060590257853996465,0.9834146341463414,0.9908292682926829,0.9783869146924431,0.989563471252503,0.0005727198717339515,1.246168613433838
331,0.06043686636394235,0.989656518345043,0.061033268370279455,0.9832195121951219,0.9902439024390244,0.9785660768414881,0.9888960734002264,0.0005541461384093542,1.2658002376556396
332,0.05932928580982694,0.989656518345043,0.05934217080255834,0.983609756097561,0.9904390243902439,0.9782510781120749,0.9891170649318918,0.0005358608901706789,1.2296779155731201
333,0.06019600805012941,0.989656518345043,0.05706785587566655,0.9841951219512195,0.9912195121951219,0.9794493553246129,0.9900073554529574,0.0005178653135214804,1.2335259914398193
334,0.05721621534872181,0.989656518345043,0.0577330384952266,0.9838048780487805,0.9908292682926829,0.9744184693169999,0.9895614038851122,0.000500160576168938,1.2737252712249756
335,0.056554163061663984,0.989656518345043,0.05504565101716576,0.984,0.9910243902439024,0.975959126667072,0.989783493705397,0.00048274782694808884,1.2658376693725586
336,0.05869839504211385,0.989656518345043,0.05795197700872654,0.9845853658536585,0.9914146341463415,0.9756541375922257,0.9902283625179573,0.0004656281957472724,1.2912352085113525
337,0.06308840516377401,0.989656518345043,0.05851596510119555,0.9841951219512195,0.9912195121951219,0.9741288426644437,0.9900069220344931,0.0004488027934348265,1.3124353885650635
338,0.06168495152061289,0.989656518345043,0.060904094242468114,0.983609756097561,0.9908292682926829,0.9725816958229295,0.9895614776206747,0.00043227271178699456,1.2685093879699707
339,0.05436101421142385,0.989656518345043,0.0580845102333441,0.9834146341463414,0.9904390243902439,0.9713924828086481,0.9891186022309975,0.00041603902341708803,1.252570390701294
340,0.06047463355146808,0.989656518345043,0.058664242715370365,0.984,0.9910243902439024,0.9726484648685936,0.989786247718694,0.0004001027817058784,1.268371343612671
341,0.05859764053862161,0.989656518345043,0.05747302798527043,0.983609756097561,0.9906341463414634,0.9715833395063757,0.9893392506559286,0.00038446502073325573,1.3095130920410156
342,0.061953897736268665,0.989656518345043,0.0571082414882939,0.984,0.9910243902439024,0.9778078571813331,0.989783909425506,0.0003691267552111178,1.294058084487915
343,0.05459110985621286,0.989656518345043,0.059705047130584714,0.9838048780487805,0.9908292682926829,0.9737273039024467,0.9895614427886676,0.0003540889804175336,1.2654588222503662
344,0.05747271414953782,0.989656518345043,0.05876896834954983,0.9826341463414634,0.9896585365853658,0.9699976415409066,0.9882294052834706,0.00033935267213216114,1.2785189151763916
345,0.05696195730202301,0.989656518345043,0.058292435657687304,0.9830243902439024,0.9900487804878049,0.9726864510887442,0.98867160670575,0.0003249187865729249,1.3050014972686768
346,0.06099196398088375,0.989656518345043,0.05875543243129079,0.984,0.9910243902439024,0.9758590958358497,0.9897845637066239,0.00031078826033397806,1.2254841327667236
347,0.06050581558244732,0.989656518345043,0.06003381595378969,0.984780487804878,0.9918048780487805,0.9753578759090169,0.9906734161814171,0.00029696201032491395,1.2238237857818604
348,0.059618992835303634,0.989656518345043,0.05820281163657584,0.9845853658536585,0.991609756097561,0.9784649824577294,0.9904512367462841,0.0002834409337112844,1.2536067962646484
349,0.06169128332397581,0.989656518345043,0.058620303078395566,0.984390243902439,0.9914146341463415,0.9804332885418892,0.9902287795849697,0.00027022590785637365,1.2877910137176514
350,0.058478940747951645,0.989656518345043,0.05753337860107422,0.9841951219512195,0.9914146341463415,0.9794258252457618,0.9902281266582121,0.00025731779026427277,1.3492426872253418
351,0.0549040273621469,0.989656518345043,0.05879281348716922,0.9841951219512195,0.9912195121951219,0.977657115488046,0.9900069008172394,0.000244717418524232,1.30763578414917
352,0.05827103729257477,0.989656518345043,0.05792219021262192,0.983609756097561,0.9906341463414634,0.9769555875743337,0.9893398544534795,0.0002324256102563185,1.4637527465820312
353,0.05830273999935082,0.989656518345043,0.06008813106722948,0.9832195121951219,0.9902439024390244,0.9767855162252879,0.9888954911664012,0.0002204431630583545,1.4724631309509277
354,0.058270600183803666,0.989656518345043,0.058869654795018635,0.984,0.9910243902439024,0.9764732512273968,0.9897848505368727,0.00020877085445416863,1.3540630340576172
355,0.056810335585502886,0.989656518345043,0.05891525703523217,0.984,0.9908292682926829,0.9755963291505141,0.9895630140689488,0.00019740944184313858,1.160536766052246
356,0.05571876851453574,0.989656518345043,0.05935683018986772,0.9834146341463414,0.9904390243902439,0.9771010876857318,0.9891193372459958,0.00018635966245104585,1.1355369091033936
357,0.057146825475776736,0.989656518345043,0.0585443683252102,0.9838048780487805,0.9908292682926829,0.9774264934642868,0.989563763810872,0.00017562223328224306,1.1422200202941895
358,0.05734216762636843,0.989656518345043,0.05862992566969336,0.984,0.9910243902439024,0.9778134736671383,0.9897856821650038,0.00016519785107311873,1.1582295894622803
359,0.058232601066058175,0.989656518345043,0.05916454090723177,0.9832195121951219,0.9902439024390244,0.976846215605995,0.9888963250410727,0.000155087192246897,1.204782247543335
360,0.05932734694454025,0.989656518345043,0.058768477823676134,0.983609756097561,0.9908292682926829,0.9800836306510647,0.9895622176327998,0.0001452909128697398,1.1677696704864502
361,0.060108156410205144,0.989656518345043,0.05888641822628859,0.9834146341463414,0.9906341463414634,0.9798658606162214,0.9893405584126133,0.0001358096486081782,1.2745451927185059
362,0.060183298328395564,0.989656518345043,0.058011965583010416,0.984,0.9912195121951219,0.9785262848260503,0.9900065968377124,0.000126644014687861,1.3765151500701904
363,0.05900843800056455,0.989656518345043,0.05794972668624506,0.9849756097560975,0.9921951219512195,0.9814138584615482,0.9911167986710384,0.00011779460585363933,1.3835291862487793
364,0.05739056860634026,0.989656518345043,0.05870789285403926,0.9838048780487805,0.9908292682926829,0.9792823415230376,0.9895624103082264,0.00010926199633097146,1.1892950534820557
365,0.0597935168037684,0.989656518345043,0.05840756557045913,0.984,0.9910243902439024,0.977092902378624,0.9897839204932042,0.00010104673978866154,1.1415979862213135
366,0.058826782665041676,0.989656518345043,0.0577563555298782,0.983609756097561,0.9908292682926829,0.9780536427114704,0.9895611437666799,9.314936930293274e-05,1.2270569801330566
367,0.05767301386723892,0.989656518345043,0.05737315191292181,0.9845853658536585,0.9918048780487805,0.9811074359444355,0.9906720359337877,8.557039732283881e-05,1.3322370052337646
368,0.05946751223014817,0.989656518345043,0.05875502004856017,0.983609756097561,0.9908292682926829,0.9783296892345111,0.9895620529937007,7.831031563701178e-05,1.2164454460144043
369,0.05823558087225867,0.989656518345043,0.05821624403465085,0.9841951219512195,0.9912195121951219,0.9776458972685708,0.9900065020027078,7.136959534174585e-05,1.1637156009674072
370,0.062398877443424386,0.989656518345043,0.05836082821357541,0.9841951219512195,0.9912195121951219,0.977144452816,0.9900058290122041,6.474868681043571e-05,1.1981165409088135
371,0.06004400440301982,0.989656518345043,0.058559140629884675,0.984390243902439,0.9914146341463415,0.9772331052982695,0.9902276400821207,5.84480196643477e-05,1.317835807800293
372,0.059877144036833474,0.989656518345043,0.05901979531892916,0.984390243902439,0.9914146341463415,0.9776604481162393,0.9902273072005894,5.246800274474489e-05,1.2813777923583984
373,0.05778506763241632,0.989656518345043,0.05888978367317014,0.984,0.9910243902439024,0.9771478158414107,0.9897836978065047,4.680902408635329e-05,1.1042747497558594
374,0.055797440336855776,0.989656518345043,0.05816981498788043,0.984780487804878,0.9918048780487805,0.978041074723139,0.9906723500113882,4.14714508921898e-05,1.0464773178100586
375,0.05813387206375343,0.989656518345043,0.057883810293383714,0.984780487804878,0.9918048780487805,0.9779490592154587,0.9906720961639499,3.64556295097301e-05,1.040393590927124
376,0.054983740959281595,0.989656518345043,0.058108535010640214,0.984390243902439,0.9914146341463415,0.9777716517957338,0.9902284946283153,3.176188540843502e-05,1.0161454677581787
377,0.0584028906419373,0.989656518345043,0.058073673504154856,0.9841951219512195,0.9912195121951219,0.9777199989031717,0.9900069216014888,2.739052315863352e-05,1.0076699256896973
378,0.05656679933796187,0.989656518345043,0.058074882658516486,0.9841951219512195,0.9912195121951219,0.977218554450601,0.9900064465731959,2.3341826411756836e-05,1.0190303325653076
379,0.055897052264950474,0.989656518345043,0.05803381750060291,0.984,0.9910243902439024,0.9771669015580391,0.9897848855042737,1.9616057881935413e-05,1.0128896236419678
380,0.05529325658158864,0.989656518345043,0.05796206564438052,0.9845853658536585,0.991609756097561,0.977395961870326,0.9904500334265081,1.6213459328950335e-05,1.0172247886657715
381,0.05884612264267222,0.989656518345043,0.05788006523178845,0.9845853658536585,0.991609756097561,0.977395961870326,0.9904500334265081,1.3134251542544759e-05,1.0309805870056152
382,0.05522695233119153,0.989656518345043,0.05783099387913215,0.9841951219512195,0.9912195121951219,0.977292656085202,0.9900068622795481,1.0378634328099256e-05,1.0376744270324707
383,0.056298827521276136,0.989656518345043,0.057708592461376655,0.984390243902439,0.9914146341463415,0.977344308977764,0.9902284366187583,7.946786493666638e-06,1.026374101638794
384,0.05910958804569667,0.989656518345043,0.05772871283205544,0.984390243902439,0.9914146341463415,0.977344308977764,0.9902284366187583,5.83886583836734e-06,1.0285775661468506
385,0.059012955855098345,0.989656518345043,0.05776105777228751,0.984390243902439,0.9914146341463415,0.977344308977764,0.9902284366187583,4.0550091421520615e-06,1.296010971069336
386,0.05338229403804165,0.989656518345043,0.057756964008982586,0.984390243902439,0.9914146341463415,0.977344308977764,0.9902284366187583,2.595332156925531e-06,1.039271354675293
387,0.06031765126543967,0.989656518345043,0.057722847450070267,0.984390243902439,0.9914146341463415,0.977344308977764,0.9902284366187583,1.4599295990352905e-06,1.2893314361572266
388,0.06009552916504623,0.989656518345043,0.05772643154423411,0.984390243902439,0.9914146341463415,0.977344308977764,0.9902284366187583,6.48875143126614e-07,1.202437162399292
389,0.058095222723631774,0.989656518345043,0.0577285667047268,0.984390243902439,0.9914146341463415,0.977344308977764,0.9902284366187583,1.622214173602197e-07,1.218738079071045
390,0.05538838204093842,0.989656518345043,0.057729204096445226,0.984390243902439,0.9914146341463415,0.977344308977764,0.9902284366187583,0.0,1.1766993999481201
